{
  "time": 199.99999999999292,
  "total_cell_count": 4517,
  "phenotype_counts": {
    "G_SPECIALIST": 2150,
    "L_SPECIALIST": 2352,
    "SWITCHING_GL": 15
  },
  "avg_radial_distance": 41.19353417590664,
  "max_radial_distance": 72.80796659706958,
  "min_radial_distance": 0.0,
  "std_dev_radial_distance": 15.05957408973173,
  "median_radial_distance": 43.30127018922193,
  "frontier_lag_G_to_L": {
    "count_at_transition_nutrient": 14,
    "remaining_lag_times_at_transition": [
      1.3000000000000225,
      2.5000000000000235,
      4.800000000000022,
      5.700000000000019,
      6.200000000000017,
      7.300000000000013,
      8.10000000000001,
      8.20000000000001,
      1.2999999999999985,
      9.600000000000005,
      1.6999999999999988,
      9.800000000000004,
      10.200000000000003,
      10.400000000000002
    ],
    "avg_remaining_lag_at_transition": 6.221428571428582,
    "inherent_T_lags_GL_at_transition": [
      11.0,
      11.0,
      11.0,
      11.0,
      11.0,
      11.0,
      11.0,
      11.0,
      3.0,
      11.0,
      3.0,
      11.0,
      11.0,
      11.0
    ],
    "avg_inherent_T_lag_at_transition": 9.857142857142858
  },
  "frontier_traits": {
    "count_frontier_cells": 73,
    "frontier_inherent_growth_rates_G": [
      0.1,
      0.1,
      0.5,
      0.1,
      0.1,
      0.5,
      0.5,
      0.1,
      0.1,
      0.5,
      0.5,
      0.5,
      0.1,
      0.1,
      0.5,
      0.1,
      0.1,
      0.5,
      0.1,
      0.5,
      0.1,
      0.5,
      0.1,
      0.1,
      0.5,
      0.5,
      0.5,
      0.5,
      0.1,
      0.1,
      0.1,
      0.5,
      0.5,
      0.1,
      0.1,
      0.1,
      0.1,
      0.1,
      0.1,
      0.1,
      0.1,
      0.5,
      0.5,
      0.5,
      0.1,
      0.1,
      0.5,
      0.5,
      0.5,
      0.5,
      0.1,
      0.5,
      0.5,
      0.5,
      0.5,
      0.1,
      0.5,
      0.1,
      0.5,
      0.5,
      0.1,
      0.1,
      0.5,
      0.1,
      0.5,
      0.1,
      0.5,
      0.1,
      0.5,
      0.5,
      0.5,
      0.5,
      0.5
    ],
    "avg_frontier_growth_rate_G": 0.30821917808219185,
    "frontier_inherent_T_lags_GL": [
      3.0,
      3.0,
      11.0,
      3.0,
      3.0,
      11.0,
      11.0,
      3.0,
      3.0,
      11.0,
      11.0,
      11.0,
      3.0,
      3.0,
      11.0,
      3.0,
      3.0,
      11.0,
      3.0,
      11.0,
      3.0,
      11.0,
      3.0,
      3.0,
      11.0,
      11.0,
      11.0,
      11.0,
      3.0,
      3.0,
      3.0,
      11.0,
      11.0,
      3.0,
      3.0,
      3.0,
      3.0,
      3.0,
      3.0,
      3.0,
      3.0,
      11.0,
      11.0,
      11.0,
      3.0,
      3.0,
      11.0,
      11.0,
      11.0,
      11.0,
      3.0,
      11.0,
      11.0,
      11.0,
      11.0,
      3.0,
      11.0,
      3.0,
      11.0,
      11.0,
      3.0,
      3.0,
      11.0,
      3.0,
      11.0,
      3.0,
      11.0,
      3.0,
      11.0,
      11.0,
      11.0,
      11.0,
      11.0
    ],
    "avg_frontier_T_lag_GL": 7.164383561643835
  },
  "overall_radial_expansion_velocity": 0.35537957894751604,
  "config": {
    "experiment_name": "default_simulation",
    "W_band": 10.0,
    "grid_type": "hexagonal",
    "max_grid_radius": 100.0,
    "g_rate_prototype_1": 0.1,
    "g_rate_prototype_2": 0.5,
    "prob_daughter_inherits_prototype_1": 0.5,
    "lambda_L_fixed_rate": 0.1,
    "trade_off_params": {
      "T_lag_min": 1.0,
      "slope": 20.0
    },
    "dt": 0.1,
    "max_simulation_time": 200.0,
    "initial_cell_count": 5,
    "initial_colony_radius": 1.5,
    "metrics_interval_time": 1.0,
    "data_output_path": "results/",
    "visualization": {
      "visualization_enabled": true,
      "animation_save_path": "animations/",
      "animation_frame_interval": 10,
      "hex_pixel_size": 10.0,
      "animation_color_mode": "PHENOTYPE",
      "animation_writer": "ffmpeg",
      "save_key_snapshots": false,
      "num_bands_to_visualize": 6,
      "kymo_angular_bins": 60,
      "kymo_radial_shell_width_factor": 0.2
    },
    "max_cells_safety_threshold": 75000,
    "log_level": "INFO"
  }
}