{
  "time": 199.99999999999292,
  "total_cell_count": 6607,
  "phenotype_counts": {
    "G_SPECIALIST": 1966,
    "L_SPECIALIST": 4640,
    "SWITCHING_GL": 1
  },
  "avg_radial_distance": 49.451887738398376,
  "max_radial_distance": 83.21057625085888,
  "min_radial_distance": 0.0,
  "std_dev_radial_distance": 17.66964669611112,
  "median_radial_distance": 52.306787322488084,
  "frontier_lag_G_to_L": {
    "count_at_transition_nutrient": 1,
    "remaining_lag_times_at_transition": [
      20.599999999999994
    ],
    "avg_remaining_lag_at_transition": 20.599999999999994,
    "inherent_T_lags_GL_at_transition": [
      21.0
    ],
    "avg_inherent_T_lag_at_transition": 21.0
  },
  "frontier_traits": {
    "count_frontier_cells": 142,
    "frontier_inherent_growth_rates_G": [
      0.5,
      0.5,
      0.1,
      0.5,
      0.1,
      0.5,
      0.1,
      0.1,
      0.1,
      0.5,
      0.5,
      0.1,
      0.5,
      0.1,
      0.1,
      0.1,
      0.5,
      0.5,
      0.5,
      0.1,
      0.1,
      0.1,
      0.1,
      0.1,
      0.1,
      0.5,
      0.1,
      0.5,
      0.5,
      0.1,
      0.1,
      0.1,
      0.1,
      0.1,
      0.1,
      0.5,
      0.1,
      0.5,
      0.1,
      0.1,
      0.5,
      0.5,
      0.1,
      0.1,
      0.1,
      0.5,
      0.1,
      0.5,
      0.1,
      0.1,
      0.5,
      0.5,
      0.1,
      0.5,
      0.5,
      0.5,
      0.5,
      0.5,
      0.1,
      0.1,
      0.5,
      0.5,
      0.5,
      0.5,
      0.5,
      0.1,
      0.1,
      0.5,
      0.5,
      0.5,
      0.5,
      0.5,
      0.1,
      0.1,
      0.5,
      0.1,
      0.1,
      0.5,
      0.5,
      0.5,
      0.5,
      0.5,
      0.1,
      0.1,
      0.1,
      0.5,
      0.1,
      0.5,
      0.5,
      0.1,
      0.5,
      0.5,
      0.1,
      0.1,
      0.1,
      0.5,
      0.5,
      0.5,
      0.1,
      0.1,
      0.5,
      0.5,
      0.1,
      0.1,
      0.5,
      0.1,
      0.1,
      0.1,
      0.1,
      0.1,
      0.1,
      0.1,
      0.1,
      0.5,
      0.5,
      0.5,
      0.1,
      0.5,
      0.5,
      0.5,
      0.1,
      0.5,
      0.1,
      0.1,
      0.5,
      0.1,
      0.5,
      0.5,
      0.1,
      0.1,
      0.1,
      0.1,
      0.1,
      0.5,
      0.1,
      0.1,
      0.1,
      0.5,
      0.5,
      0.1,
      0.5,
      0.1
    ],
    "avg_frontier_growth_rate_G": 0.28873239436619724,
    "frontier_inherent_T_lags_GL": [
      21.0,
      21.0,
      5.0,
      21.0,
      5.0,
      21.0,
      5.0,
      5.0,
      5.0,
      21.0,
      21.0,
      5.0,
      21.0,
      5.0,
      5.0,
      5.0,
      21.0,
      21.0,
      21.0,
      5.0,
      5.0,
      5.0,
      5.0,
      5.0,
      5.0,
      21.0,
      5.0,
      21.0,
      21.0,
      5.0,
      5.0,
      5.0,
      5.0,
      5.0,
      5.0,
      21.0,
      5.0,
      21.0,
      5.0,
      5.0,
      21.0,
      21.0,
      5.0,
      5.0,
      5.0,
      21.0,
      5.0,
      21.0,
      5.0,
      5.0,
      21.0,
      21.0,
      5.0,
      21.0,
      21.0,
      21.0,
      21.0,
      21.0,
      5.0,
      5.0,
      21.0,
      21.0,
      21.0,
      21.0,
      21.0,
      5.0,
      5.0,
      21.0,
      21.0,
      21.0,
      21.0,
      21.0,
      5.0,
      5.0,
      21.0,
      5.0,
      5.0,
      21.0,
      21.0,
      21.0,
      21.0,
      21.0,
      5.0,
      5.0,
      5.0,
      21.0,
      5.0,
      21.0,
      21.0,
      5.0,
      21.0,
      21.0,
      5.0,
      5.0,
      5.0,
      21.0,
      21.0,
      21.0,
      5.0,
      5.0,
      21.0,
      21.0,
      5.0,
      5.0,
      21.0,
      5.0,
      5.0,
      5.0,
      5.0,
      5.0,
      5.0,
      5.0,
      5.0,
      21.0,
      21.0,
      21.0,
      5.0,
      21.0,
      21.0,
      21.0,
      5.0,
      21.0,
      5.0,
      5.0,
      21.0,
      5.0,
      21.0,
      21.0,
      5.0,
      5.0,
      5.0,
      5.0,
      5.0,
      21.0,
      5.0,
      5.0,
      5.0,
      21.0,
      21.0,
      5.0,
      21.0,
      5.0
    ],
    "avg_frontier_T_lag_GL": 12.549295774647888
  },
  "overall_radial_expansion_velocity": 0.4073926272164644,
  "config": {
    "experiment_name": "ProbSweep_W10_P0.9_Rep1",
    "W_band": 40.0,
    "grid_type": "hexagonal",
    "max_grid_radius": 100.0,
    "g_rate_prototype_1": 0.1,
    "g_rate_prototype_2": 0.5,
    "prob_daughter_inherits_prototype_1": 0.5,
    "lambda_L_fixed_rate": 0.1,
    "trade_off_params": {
      "T_lag_min": 1.0,
      "slope": 40.0
    },
    "dt": 0.1,
    "max_simulation_time": 200.0,
    "initial_cell_count": 5,
    "initial_colony_radius": 1.5,
    "metrics_interval_time": 1.0,
    "data_output_path": "results/",
    "visualization": {
      "visualization_enabled": false,
      "animation_save_path": "animations/",
      "animation_frame_interval": 10,
      "hex_pixel_size": 10.0,
      "animation_color_mode": "INHERENT_LAG_GL",
      "animation_writer": "ffmpeg",
      "save_key_snapshots": false,
      "num_bands_to_visualize": 6,
      "kymo_angular_bins": 60,
      "kymo_radial_shell_width_factor": 0.2
    },
    "max_cells_safety_threshold": 75000,
    "log_level": "INFO"
  }
}