{
  "time": 199.99999999999292,
  "total_cell_count": 6301,
  "phenotype_counts": {
    "G_SPECIALIST": 1945,
    "L_SPECIALIST": 4356,
    "SWITCHING_GL": 0
  },
  "avg_radial_distance": 48.287014012421146,
  "max_radial_distance": 79.89993742175271,
  "min_radial_distance": 0.0,
  "std_dev_radial_distance": 17.24573974837656,
  "median_radial_distance": 51.11751167652823,
  "frontier_lag_G_to_L": {
    "count_at_transition_nutrient": 0,
    "remaining_lag_times_at_transition": [],
    "avg_remaining_lag_at_transition": 0.0,
    "inherent_T_lags_GL_at_transition": [],
    "avg_inherent_T_lag_at_transition": 0.0
  },
  "frontier_traits": {
    "count_frontier_cells": 181,
    "frontier_inherent_growth_rates_G": [
      0.1,
      0.1,
      0.5,
      0.1,
      0.1,
      0.5,
      0.1,
      0.5,
      0.1,
      0.1,
      0.1,
      0.1,
      0.1,
      0.1,
      0.5,
      0.1,
      0.1,
      0.1,
      0.5,
      0.1,
      0.1,
      0.5,
      0.1,
      0.5,
      0.5,
      0.1,
      0.1,
      0.5,
      0.5,
      0.1,
      0.1,
      0.1,
      0.1,
      0.5,
      0.1,
      0.1,
      0.1,
      0.1,
      0.5,
      0.1,
      0.5,
      0.5,
      0.1,
      0.1,
      0.5,
      0.5,
      0.1,
      0.1,
      0.5,
      0.1,
      0.5,
      0.5,
      0.1,
      0.5,
      0.1,
      0.5,
      0.5,
      0.1,
      0.1,
      0.5,
      0.1,
      0.5,
      0.1,
      0.1,
      0.1,
      0.5,
      0.1,
      0.5,
      0.1,
      0.5,
      0.5,
      0.5,
      0.5,
      0.1,
      0.1,
      0.1,
      0.1,
      0.1,
      0.5,
      0.1,
      0.1,
      0.1,
      0.5,
      0.1,
      0.5,
      0.5,
      0.1,
      0.5,
      0.5,
      0.1,
      0.1,
      0.1,
      0.5,
      0.5,
      0.1,
      0.5,
      0.1,
      0.1,
      0.5,
      0.5,
      0.1,
      0.5,
      0.1,
      0.1,
      0.5,
      0.1,
      0.5,
      0.5,
      0.5,
      0.1,
      0.1,
      0.5,
      0.5,
      0.5,
      0.5,
      0.5,
      0.5,
      0.1,
      0.1,
      0.1,
      0.5,
      0.1,
      0.5,
      0.1,
      0.1,
      0.5,
      0.5,
      0.5,
      0.1,
      0.5,
      0.5,
      0.1,
      0.1,
      0.5,
      0.5,
      0.1,
      0.1,
      0.5,
      0.5,
      0.5,
      0.1,
      0.1,
      0.1,
      0.1,
      0.5,
      0.1,
      0.1,
      0.1,
      0.5,
      0.5,
      0.5,
      0.1,
      0.1,
      0.5,
      0.1,
      0.1,
      0.1,
      0.5,
      0.1,
      0.1,
      0.1,
      0.5,
      0.5,
      0.1,
      0.5,
      0.5,
      0.1,
      0.1,
      0.1,
      0.5,
      0.1,
      0.1,
      0.1,
      0.1,
      0.1,
      0.1,
      0.5,
      0.1,
      0.5,
      0.5,
      0.1
    ],
    "avg_frontier_growth_rate_G": 0.27237569060773487,
    "frontier_inherent_T_lags_GL": [
      5.0,
      5.0,
      21.0,
      5.0,
      5.0,
      21.0,
      5.0,
      21.0,
      5.0,
      5.0,
      5.0,
      5.0,
      5.0,
      5.0,
      21.0,
      5.0,
      5.0,
      5.0,
      21.0,
      5.0,
      5.0,
      21.0,
      5.0,
      21.0,
      21.0,
      5.0,
      5.0,
      21.0,
      21.0,
      5.0,
      5.0,
      5.0,
      5.0,
      21.0,
      5.0,
      5.0,
      5.0,
      5.0,
      21.0,
      5.0,
      21.0,
      21.0,
      5.0,
      5.0,
      21.0,
      21.0,
      5.0,
      5.0,
      21.0,
      5.0,
      21.0,
      21.0,
      5.0,
      21.0,
      5.0,
      21.0,
      21.0,
      5.0,
      5.0,
      21.0,
      5.0,
      21.0,
      5.0,
      5.0,
      5.0,
      21.0,
      5.0,
      21.0,
      5.0,
      21.0,
      21.0,
      21.0,
      21.0,
      5.0,
      5.0,
      5.0,
      5.0,
      5.0,
      21.0,
      5.0,
      5.0,
      5.0,
      21.0,
      5.0,
      21.0,
      21.0,
      5.0,
      21.0,
      21.0,
      5.0,
      5.0,
      5.0,
      21.0,
      21.0,
      5.0,
      21.0,
      5.0,
      5.0,
      21.0,
      21.0,
      5.0,
      21.0,
      5.0,
      5.0,
      21.0,
      5.0,
      21.0,
      21.0,
      21.0,
      5.0,
      5.0,
      21.0,
      21.0,
      21.0,
      21.0,
      21.0,
      21.0,
      5.0,
      5.0,
      5.0,
      21.0,
      5.0,
      21.0,
      5.0,
      5.0,
      21.0,
      21.0,
      21.0,
      5.0,
      21.0,
      21.0,
      5.0,
      5.0,
      21.0,
      21.0,
      5.0,
      5.0,
      21.0,
      21.0,
      21.0,
      5.0,
      5.0,
      5.0,
      5.0,
      21.0,
      5.0,
      5.0,
      5.0,
      21.0,
      21.0,
      21.0,
      5.0,
      5.0,
      21.0,
      5.0,
      5.0,
      5.0,
      21.0,
      5.0,
      5.0,
      5.0,
      21.0,
      21.0,
      5.0,
      21.0,
      21.0,
      5.0,
      5.0,
      5.0,
      21.0,
      5.0,
      5.0,
      5.0,
      5.0,
      5.0,
      5.0,
      21.0,
      5.0,
      21.0,
      21.0,
      5.0
    ],
    "avg_frontier_T_lag_GL": 11.895027624309392
  },
  "overall_radial_expansion_velocity": 0.390839433070933,
  "config": {
    "experiment_name": "TradeoffSlope_S40_ResponsiveHG_W40_Rep1",
    "W_band": 40.0,
    "grid_type": "hexagonal",
    "max_grid_radius": 100.0,
    "g_rate_prototype_1": 0.1,
    "g_rate_prototype_2": 0.5,
    "prob_daughter_inherits_prototype_1": 0.5,
    "lambda_L_fixed_rate": 0.1,
    "trade_off_params": {
      "T_lag_min": 1.0,
      "slope": 40.0
    },
    "dt": 0.1,
    "max_simulation_time": 200.0,
    "initial_cell_count": 5,
    "initial_colony_radius": 1.5,
    "metrics_interval_time": 1.0,
    "data_output_path": "results/",
    "visualization": {
      "visualization_enabled": false,
      "animation_save_path": "animations/",
      "animation_frame_interval": 10,
      "hex_pixel_size": 10.0,
      "animation_color_mode": "INHERENT_LAG_GL",
      "animation_writer": "ffmpeg",
      "save_key_snapshots": false,
      "num_bands_to_visualize": 6,
      "kymo_angular_bins": 60,
      "kymo_radial_shell_width_factor": 0.2
    },
    "max_cells_safety_threshold": 75000,
    "log_level": "INFO"
  }
}