{
  "time": 199.99999999999292,
  "total_cell_count": 6358,
  "phenotype_counts": {
    "G_SPECIALIST": 1955,
    "L_SPECIALIST": 4402,
    "SWITCHING_GL": 1
  },
  "avg_radial_distance": 48.58093121794139,
  "max_radial_distance": 83.62415918859811,
  "min_radial_distance": 0.0,
  "std_dev_radial_distance": 17.42591142703192,
  "median_radial_distance": 51.176166327695945,
  "frontier_lag_G_to_L": {
    "count_at_transition_nutrient": 1,
    "remaining_lag_times_at_transition": [
      20.39999999999999
    ],
    "avg_remaining_lag_at_transition": 20.39999999999999,
    "inherent_T_lags_GL_at_transition": [
      21.0
    ],
    "avg_inherent_T_lag_at_transition": 21.0
  },
  "frontier_traits": {
    "count_frontier_cells": 84,
    "frontier_inherent_growth_rates_G": [
      0.5,
      0.5,
      0.5,
      0.5,
      0.1,
      0.1,
      0.1,
      0.1,
      0.1,
      0.5,
      0.1,
      0.5,
      0.5,
      0.5,
      0.5,
      0.1,
      0.1,
      0.1,
      0.1,
      0.5,
      0.5,
      0.5,
      0.5,
      0.5,
      0.5,
      0.5,
      0.5,
      0.5,
      0.1,
      0.1,
      0.5,
      0.1,
      0.5,
      0.5,
      0.5,
      0.1,
      0.5,
      0.1,
      0.1,
      0.5,
      0.1,
      0.1,
      0.5,
      0.5,
      0.1,
      0.5,
      0.5,
      0.5,
      0.1,
      0.5,
      0.5,
      0.5,
      0.5,
      0.5,
      0.5,
      0.5,
      0.1,
      0.1,
      0.5,
      0.1,
      0.1,
      0.5,
      0.1,
      0.1,
      0.5,
      0.1,
      0.5,
      0.1,
      0.1,
      0.5,
      0.5,
      0.5,
      0.5,
      0.1,
      0.5,
      0.5,
      0.5,
      0.5,
      0.1,
      0.5,
      0.1,
      0.5,
      0.5,
      0.5
    ],
    "avg_frontier_growth_rate_G": 0.34761904761904766,
    "frontier_inherent_T_lags_GL": [
      21.0,
      21.0,
      21.0,
      21.0,
      5.0,
      5.0,
      5.0,
      5.0,
      5.0,
      21.0,
      5.0,
      21.0,
      21.0,
      21.0,
      21.0,
      5.0,
      5.0,
      5.0,
      5.0,
      21.0,
      21.0,
      21.0,
      21.0,
      21.0,
      21.0,
      21.0,
      21.0,
      21.0,
      5.0,
      5.0,
      21.0,
      5.0,
      21.0,
      21.0,
      21.0,
      5.0,
      21.0,
      5.0,
      5.0,
      21.0,
      5.0,
      5.0,
      21.0,
      21.0,
      5.0,
      21.0,
      21.0,
      21.0,
      5.0,
      21.0,
      21.0,
      21.0,
      21.0,
      21.0,
      21.0,
      21.0,
      5.0,
      5.0,
      21.0,
      5.0,
      5.0,
      21.0,
      5.0,
      5.0,
      21.0,
      5.0,
      21.0,
      5.0,
      5.0,
      21.0,
      21.0,
      21.0,
      21.0,
      5.0,
      21.0,
      21.0,
      21.0,
      21.0,
      5.0,
      21.0,
      5.0,
      21.0,
      21.0,
      21.0
    ],
    "avg_frontier_T_lag_GL": 14.904761904761905
  },
  "overall_radial_expansion_velocity": 0.4094605419051606,
  "config": {
    "experiment_name": "ResponsiveHG_W5_Rep2",
    "W_band": 40.0,
    "grid_type": "hexagonal",
    "max_grid_radius": 100.0,
    "g_rate_prototype_1": 0.1,
    "g_rate_prototype_2": 0.5,
    "prob_daughter_inherits_prototype_1": 0.5,
    "lambda_L_fixed_rate": 0.1,
    "trade_off_params": {
      "T_lag_min": 1.0,
      "slope": 40.0
    },
    "dt": 0.1,
    "max_simulation_time": 200.0,
    "initial_cell_count": 5,
    "initial_colony_radius": 1.5,
    "metrics_interval_time": 1.0,
    "data_output_path": "results/",
    "visualization": {
      "visualization_enabled": false,
      "animation_save_path": "animations/",
      "animation_frame_interval": 10,
      "hex_pixel_size": 10.0,
      "animation_color_mode": "INHERENT_LAG_GL",
      "animation_writer": "ffmpeg",
      "save_key_snapshots": false,
      "num_bands_to_visualize": 6,
      "kymo_angular_bins": 60,
      "kymo_radial_shell_width_factor": 0.2
    },
    "max_cells_safety_threshold": 75000,
    "log_level": "INFO"
  }
}