{
  "time": 199.99999999999292,
  "total_cell_count": 6283,
  "phenotype_counts": {
    "G_SPECIALIST": 1950,
    "L_SPECIALIST": 4333,
    "SWITCHING_GL": 0
  },
  "avg_radial_distance": 48.218306596918254,
  "max_radial_distance": 81.18497397917918,
  "min_radial_distance": 0.0,
  "std_dev_radial_distance": 17.223743244000893,
  "median_radial_distance": 51.02940328869229,
  "frontier_lag_G_to_L": {
    "count_at_transition_nutrient": 0,
    "remaining_lag_times_at_transition": [],
    "avg_remaining_lag_at_transition": 0.0,
    "inherent_T_lags_GL_at_transition": [],
    "avg_inherent_T_lag_at_transition": 0.0
  },
  "frontier_traits": {
    "count_frontier_cells": 130,
    "frontier_inherent_growth_rates_G": [
      0.5,
      0.1,
      0.5,
      0.1,
      0.1,
      0.1,
      0.5,
      0.1,
      0.1,
      0.5,
      0.1,
      0.5,
      0.1,
      0.5,
      0.5,
      0.5,
      0.5,
      0.1,
      0.5,
      0.5,
      0.5,
      0.1,
      0.5,
      0.1,
      0.5,
      0.1,
      0.1,
      0.5,
      0.1,
      0.5,
      0.5,
      0.5,
      0.1,
      0.5,
      0.1,
      0.5,
      0.1,
      0.1,
      0.1,
      0.5,
      0.1,
      0.1,
      0.1,
      0.1,
      0.5,
      0.5,
      0.1,
      0.5,
      0.5,
      0.1,
      0.5,
      0.1,
      0.5,
      0.1,
      0.1,
      0.5,
      0.1,
      0.5,
      0.1,
      0.5,
      0.1,
      0.1,
      0.1,
      0.5,
      0.1,
      0.5,
      0.5,
      0.5,
      0.5,
      0.5,
      0.1,
      0.5,
      0.5,
      0.1,
      0.1,
      0.5,
      0.5,
      0.5,
      0.5,
      0.1,
      0.1,
      0.1,
      0.1,
      0.1,
      0.1,
      0.5,
      0.5,
      0.5,
      0.5,
      0.1,
      0.5,
      0.1,
      0.5,
      0.1,
      0.5,
      0.1,
      0.1,
      0.5,
      0.5,
      0.5,
      0.1,
      0.1,
      0.5,
      0.1,
      0.1,
      0.1,
      0.1,
      0.1,
      0.5,
      0.5,
      0.1,
      0.5,
      0.1,
      0.5,
      0.5,
      0.1,
      0.5,
      0.1,
      0.5,
      0.5,
      0.5,
      0.1,
      0.5,
      0.1,
      0.1,
      0.1,
      0.1,
      0.5,
      0.1,
      0.1
    ],
    "avg_frontier_growth_rate_G": 0.296923076923077,
    "frontier_inherent_T_lags_GL": [
      21.0,
      5.0,
      21.0,
      5.0,
      5.0,
      5.0,
      21.0,
      5.0,
      5.0,
      21.0,
      5.0,
      21.0,
      5.0,
      21.0,
      21.0,
      21.0,
      21.0,
      5.0,
      21.0,
      21.0,
      21.0,
      5.0,
      21.0,
      5.0,
      21.0,
      5.0,
      5.0,
      21.0,
      5.0,
      21.0,
      21.0,
      21.0,
      5.0,
      21.0,
      5.0,
      21.0,
      5.0,
      5.0,
      5.0,
      21.0,
      5.0,
      5.0,
      5.0,
      5.0,
      21.0,
      21.0,
      5.0,
      21.0,
      21.0,
      5.0,
      21.0,
      5.0,
      21.0,
      5.0,
      5.0,
      21.0,
      5.0,
      21.0,
      5.0,
      21.0,
      5.0,
      5.0,
      5.0,
      21.0,
      5.0,
      21.0,
      21.0,
      21.0,
      21.0,
      21.0,
      5.0,
      21.0,
      21.0,
      5.0,
      5.0,
      21.0,
      21.0,
      21.0,
      21.0,
      5.0,
      5.0,
      5.0,
      5.0,
      5.0,
      5.0,
      21.0,
      21.0,
      21.0,
      21.0,
      5.0,
      21.0,
      5.0,
      21.0,
      5.0,
      21.0,
      5.0,
      5.0,
      21.0,
      21.0,
      21.0,
      5.0,
      5.0,
      21.0,
      5.0,
      5.0,
      5.0,
      5.0,
      5.0,
      21.0,
      21.0,
      5.0,
      21.0,
      5.0,
      21.0,
      21.0,
      5.0,
      21.0,
      5.0,
      21.0,
      21.0,
      21.0,
      5.0,
      21.0,
      5.0,
      5.0,
      5.0,
      5.0,
      21.0,
      5.0,
      5.0
    ],
    "avg_frontier_T_lag_GL": 12.876923076923077
  },
  "overall_radial_expansion_velocity": 0.39726461585806555,
  "config": {
    "experiment_name": "ProbSweep_W10_P0.1_Rep2",
    "W_band": 40.0,
    "grid_type": "hexagonal",
    "max_grid_radius": 100.0,
    "g_rate_prototype_1": 0.1,
    "g_rate_prototype_2": 0.5,
    "prob_daughter_inherits_prototype_1": 0.5,
    "lambda_L_fixed_rate": 0.1,
    "trade_off_params": {
      "T_lag_min": 1.0,
      "slope": 40.0
    },
    "dt": 0.1,
    "max_simulation_time": 200.0,
    "initial_cell_count": 5,
    "initial_colony_radius": 1.5,
    "metrics_interval_time": 1.0,
    "data_output_path": "results/",
    "visualization": {
      "visualization_enabled": false,
      "animation_save_path": "animations/",
      "animation_frame_interval": 10,
      "hex_pixel_size": 10.0,
      "animation_color_mode": "INHERENT_LAG_GL",
      "animation_writer": "ffmpeg",
      "save_key_snapshots": false,
      "num_bands_to_visualize": 6,
      "kymo_angular_bins": 60,
      "kymo_radial_shell_width_factor": 0.2
    },
    "max_cells_safety_threshold": 75000,
    "log_level": "INFO"
  }
}